{"cameraMode":{"drawMode":0,"name":"Shaded","section":"Shading Mode"},"sceneLighting":false,"audioPlay":false,"sceneViewState":{"m_AlwaysRefresh":false,"showFog":true,"showSkybox":false,"showFlares":true,"showImageEffects":true,"showParticleSystems":true,"showVisualEffectGraphs":true,"m_FxEnabled":true},"in2DMode":false,"pivot":{"x":1.4869999885559083,"y":3.0065999031066896,"z":-3.906899929046631},"rotation":{"x":0.08703190088272095,"y":-0.7896690368652344,"z":0.11395879834890366,"w":0.5974045991897583},"size":3.1831963062286379,"orthographic":false}