{"cameraMode":{"drawMode":0,"name":"Shaded","section":"Shading Mode"},"sceneLighting":false,"audioPlay":false,"sceneViewState":{"m_AlwaysRefresh":false,"showFog":true,"showSkybox":false,"showFlares":true,"showImageEffects":true,"showParticleSystems":true,"showVisualEffectGraphs":true,"m_FxEnabled":true},"in2DMode":false,"pivot":{"x":-0.01716719940304756,"y":0.059728141874074939,"z":-0.016284406185150148},"rotation":{"x":-0.006462598219513893,"y":-0.9935137629508972,"z":0.08365193009376526,"w":-0.07675400376319885},"size":0.173898845911026,"orthographic":true}