{"cameraMode":{"drawMode":0,"name":"Shaded","section":"Shading Mode"},"sceneLighting":false,"audioPlay":false,"sceneViewState":{"m_AlwaysRefresh":false,"showFog":true,"showSkybox":false,"showFlares":true,"showImageEffects":true,"showParticleSystems":true,"showVisualEffectGraphs":true,"m_FxEnabled":true},"in2DMode":false,"pivot":{"x":-6.464443206787109,"y":0.5682361721992493,"z":-2.9007344245910646},"rotation":{"x":0.05649377778172493,"y":-0.9440217614173889,"z":0.2248089760541916,"w":0.23676317930221559},"size":0.6717302799224854,"orthographic":false}