{"cameraMode":{"drawMode":0,"name":"Shaded","section":"Shading Mode"},"sceneLighting":false,"audioPlay":false,"sceneViewState":{"m_AlwaysRefresh":false,"showFog":true,"showSkybox":false,"showFlares":true,"showImageEffects":true,"showParticleSystems":true,"showVisualEffectGraphs":true,"m_FxEnabled":true},"in2DMode":false,"pivot":{"x":-4.524450778961182,"y":0.9981493949890137,"z":-0.49362778663635256},"rotation":{"x":-0.03903752565383911,"y":-0.7803612351417542,"z":0.6224741339683533,"w":-0.04929497465491295},"size":0.029133528470993043,"orthographic":false}